url,price
https://auburn.craigslist.org/,10.00
https://bham.craigslist.org/,25.00
https://dothan.craigslist.org/,10.00
https://shoals.craigslist.org/,10.00
https://gadsden.craigslist.org/,10.00
https://huntsville.craigslist.org/,15.00
https://mobile.craigslist.org/,15.00
https://montgomery.craigslist.org/,10.00
https://tuscaloosa.craigslist.org/,10.00
https://anchorage.craigslist.org/,20.00
https://fairbanks.craigslist.org/,10.00
https://kenai.craigslist.org/,10.00
https://juneau.craigslist.org/,10.00
https://flagstaff.craigslist.org/,15.00
https://mohave.craigslist.org/,10.00
https://phoenix.craigslist.org/,45.00
https://prescott.craigslist.org/,10.00
https://showlow.craigslist.org/,10.00
https://sierravista.craigslist.org/,10.00
https://tucson.craigslist.org/,25.00
https://yuma.craigslist.org/,10.00
https://fayar.craigslist.org/,20.00
https://fortsmith.craigslist.org/,10.00
https://jonesboro.craigslist.org/,10.00
https://littlerock.craigslist.org/,20.00
https://texarkana.craigslist.org/,10.00
https://bakersfield.craigslist.org/,20.00
https://chico.craigslist.org/,15.00
https://fresno.craigslist.org/,25.00
https://goldcountry.craigslist.org/,15.00
https://hanford.craigslist.org/,10.00
https://humboldt.craigslist.org/,15.00
https://imperial.craigslist.org/,10.00
https://inlandempire.craigslist.org/,35.00
https://losangeles.craigslist.org/,45.00
https://mendocino.craigslist.org/,10.00
https://merced.craigslist.org/,10.00
https://modesto.craigslist.org/,20.00
https://monterey.craigslist.org/,20.00
https://orangecounty.craigslist.org/,35.00
https://palmsprings.craigslist.org/,15.00
https://redding.craigslist.org/,15.00
https://sacramento.craigslist.org/,35.00
https://sandiego.craigslist.org/,35.00
https://sfbay.craigslist.org/,75.00
https://slo.craigslist.org/,20.00
https://santabarbara.craigslist.org/,20.00
https://santamaria.craigslist.org/,15.00
https://siskiyou.craigslist.org/,10.00
https://stockton.craigslist.org/,20.00
https://susanville.craigslist.org/,10.00
https://ventura.craigslist.org/,25.00
https://visalia.craigslist.org/,10.00
https://yubasutter.craigslist.org/,10.00
https://boulder.craigslist.org/,25.00
https://cosprings.craigslist.org/,25.00
https://denver.craigslist.org/,45.00
https://eastco.craigslist.org/,10.00
https://fortcollins.craigslist.org/,25.00
https://rockies.craigslist.org/,15.00
https://pueblo.craigslist.org/,10.00
https://westslope.craigslist.org/,15.00
https://newlondon.craigslist.org/,15.00
https://hartford.craigslist.org/,25.00
https://newhaven.craigslist.org/,25.00
https://nwct.craigslist.org/,10.00
https://delaware.craigslist.org/,20.00
https://washingtondc.craigslist.org/,35.00
https://daytona.craigslist.org/,20.00
https://keys.craigslist.org/,10.00
https://fortlauderdale.craigslist.org/,45.00
https://fortmyers.craigslist.org/,25.00
https://gainesville.craigslist.org/,20.00
https://cfl.craigslist.org/,10.00
https://jacksonville.craigslist.org/,25.00
https://lakeland.craigslist.org/,20.00
https://lakecity.craigslist.org/,10.00
https://ocala.craigslist.org/,20.00
https://okaloosa.craigslist.org/,15.00
https://orlando.craigslist.org/,35.00
https://panamacity.craigslist.org/,15.00
https://pensacola.craigslist.org/,20.00
https://sarasota.craigslist.org/,25.00
https://miami.craigslist.org/,45.00
https://spacecoast.craigslist.org/,20.00
https://staugustine.craigslist.org/,15.00
https://tallahassee.craigslist.org/,15.00
https://tampa.craigslist.org/,35.00
https://treasure.craigslist.org/,20.00
https://albanyga.craigslist.org/,10.00
https://athensga.craigslist.org/,15.00
https://atlanta.craigslist.org/,35.00
https://augusta.craigslist.org/,15.00
https://brunswick.craigslist.org/,10.00
https://columbusga.craigslist.org/,10.00
https://macon.craigslist.org/,15.00
https://nwga.craigslist.org/,10.00
https://savannah.craigslist.org/,20.00
https://statesboro.craigslist.org/,10.00
https://valdosta.craigslist.org/,10.00
https://honolulu.craigslist.org/,35.00
https://boise.craigslist.org/,25.00
https://eastidaho.craigslist.org/,10.00
https://lewiston.craigslist.org/,10.00
https://twinfalls.craigslist.org/,10.00
https://bn.craigslist.org/,10.00
https://chambana.craigslist.org/,10.00
https://chicago.craigslist.org/,45.00
https://decatur.craigslist.org/,10.00
https://lasalle.craigslist.org/,10.00
https://mattoon.craigslist.org/,10.00
https://peoria.craigslist.org/,15.00
https://rockford.craigslist.org/,20.00
https://carbondale.craigslist.org/,10.00
https://springfieldil.craigslist.org/,10.00
https://quincy.craigslist.org/,10.00
https://bloomington.craigslist.org/,15.00
https://evansville.craigslist.org/,15.00
https://fortwayne.craigslist.org/,20.00
https://indianapolis.craigslist.org/,25.00
https://kokomo.craigslist.org/,10.00
https://tippecanoe.craigslist.org/,10.00
https://muncie.craigslist.org/,10.00
https://richmondin.craigslist.org/,10.00
https://southbend.craigslist.org/,20.00
https://terrehaute.craigslist.org/,10.00
https://ames.craigslist.org/,10.00
https://cedarrapids.craigslist.org/,15.00
https://desmoines.craigslist.org/,20.00
https://dubuque.craigslist.org/,10.00
https://fortdodge.craigslist.org/,10.00
https://iowacity.craigslist.org/,10.00
https://masoncity.craigslist.org/,10.00
https://quadcities.craigslist.org/,15.00
https://siouxcity.craigslist.org/,10.00
https://ottumwa.craigslist.org/,10.00
https://waterloo.craigslist.org/,10.00
https://lawrence.craigslist.org/,10.00
https://ksu.craigslist.org/,10.00
https://nwks.craigslist.org/,10.00
https://salina.craigslist.org/,10.00
https://seks.craigslist.org/,10.00
https://swks.craigslist.org/,10.00
https://topeka.craigslist.org/,15.00
https://wichita.craigslist.org/,20.00
https://bgky.craigslist.org/,10.00
https://eastky.craigslist.org/,10.00
https://lexington.craigslist.org/,20.00
https://louisville.craigslist.org/,25.00
https://owensboro.craigslist.org/,10.00
https://westky.craigslist.org/,10.00
https://batonrouge.craigslist.org/,20.00
https://cenla.craigslist.org/,10.00
https://houma.craigslist.org/,10.00
https://lafayette.craigslist.org/,10.00
https://lakecharles.craigslist.org/,10.00
https://monroe.craigslist.org/,10.00
https://neworleans.craigslist.org/,25.00
https://shreveport.craigslist.org/,15.00
https://maine.craigslist.org/,25.00
https://annapolis.craigslist.org/,15.00
https://baltimore.craigslist.org/,25.00
https://easternshore.craigslist.org/,15.00
https://frederick.craigslist.org/,15.00
https://smd.craigslist.org/,10.00
https://westmd.craigslist.org/,10.00
https://boston.craigslist.org/,45.00
https://capecod.craigslist.org/,20.00
https://southcoast.craigslist.org/,20.00
https://westernmass.craigslist.org/,20.00
https://worcester.craigslist.org/,25.00
https://annarbor.craigslist.org/,20.00
https://battlecreek.craigslist.org/,10.00
https://centralmich.craigslist.org/,10.00
https://detroit.craigslist.org/,35.00
https://flint.craigslist.org/,15.00
https://grandrapids.craigslist.org/,25.00
https://holland.craigslist.org/,10.00
https://jxn.craigslist.org/,10.00
https://kalamazoo.craigslist.org/,15.00
https://lansing.craigslist.org/,20.00
https://monroemi.craigslist.org/,10.00
https://muskegon.craigslist.org/,10.00
https://nmi.craigslist.org/,15.00
https://porthuron.craigslist.org/,10.00
https://saginaw.craigslist.org/,10.00
https://swmi.craigslist.org/,10.00
https://thumb.craigslist.org/,10.00
https://up.craigslist.org/,10.00
https://bemidji.craigslist.org/,10.00
https://brainerd.craigslist.org/,10.00
https://duluth.craigslist.org/,15.00
https://mankato.craigslist.org/,10.00
https://minneapolis.craigslist.org/,35.00
https://rmn.craigslist.org/,15.00
https://marshall.craigslist.org/,10.00
https://stcloud.craigslist.org/,15.00
https://gulfport.craigslist.org/,10.00
https://hattiesburg.craigslist.org/,10.00
https://jackson.craigslist.org/,15.00
https://meridian.craigslist.org/,10.00
https://northmiss.craigslist.org/,10.00
https://natchez.craigslist.org/,10.00
https://columbiamo.craigslist.org/,15.00
https://joplin.craigslist.org/,15.00
https://kansascity.craigslist.org/,25.00
https://kirksville.craigslist.org/,10.00
https://loz.craigslist.org/,10.00
https://semo.craigslist.org/,10.00
https://springfield.craigslist.org/,20.00
https://stjoseph.craigslist.org/,10.00
https://stlouis.craigslist.org/,25.00
https://billings.craigslist.org/,15.00
https://bozeman.craigslist.org/,20.00
https://butte.craigslist.org/,10.00
https://greatfalls.craigslist.org/,10.00
https://helena.craigslist.org/,10.00
https://kalispell.craigslist.org/,10.00
https://missoula.craigslist.org/,15.00
https://montana.craigslist.org/,10.00
https://grandisland.craigslist.org/,10.00
https://lincoln.craigslist.org/,15.00
https://northplatte.craigslist.org/,10.00
https://omaha.craigslist.org/,25.00
https://scottsbluff.craigslist.org/,10.00
https://elko.craigslist.org/,10.00
https://lasvegas.craigslist.org/,35.00
https://reno.craigslist.org/,25.00
https://nh.craigslist.org/,25.00
https://cnj.craigslist.org/,25.00
https://jerseyshore.craigslist.org/,25.00
https://newjersey.craigslist.org/,35.00
https://southjersey.craigslist.org/,25.00
https://albuquerque.craigslist.org/,25.00
https://clovis.craigslist.org/,10.00
https://farmington.craigslist.org/,10.00
https://lascruces.craigslist.org/,10.00
https://roswell.craigslist.org/,10.00
https://santafe.craigslist.org/,15.00
https://albany.craigslist.org/,25.00
https://binghamton.craigslist.org/,15.00
https://buffalo.craigslist.org/,25.00
https://catskills.craigslist.org/,10.00
https://chautauqua.craigslist.org/,10.00
https://elmira.craigslist.org/,10.00
https://fingerlakes.craigslist.org/,10.00
https://glensfalls.craigslist.org/,10.00
https://hudsonvalley.craigslist.org/,25.00
https://ithaca.craigslist.org/,10.00
https://longisland.craigslist.org/,25.00
https://newyork.craigslist.org/,45.00
https://oneonta.craigslist.org/,10.00
https://plattsburgh.craigslist.org/,10.00
https://potsdam.craigslist.org/,10.00
https://rochester.craigslist.org/,25.00
https://syracuse.craigslist.org/,20.00
https://twintiers.craigslist.org/,10.00
https://utica.craigslist.org/,10.00
https://watertown.craigslist.org/,10.00
https://asheville.craigslist.org/,20.00
https://boone.craigslist.org/,10.00
https://charlotte.craigslist.org/,35.00
https://eastnc.craigslist.org/,15.00
https://fayetteville.craigslist.org/,20.00
https://greensboro.craigslist.org/,20.00
https://hickory.craigslist.org/,15.00
https://onslow.craigslist.org/,10.00
https://outerbanks.craigslist.org/,10.00
https://raleigh.craigslist.org/,25.00
https://wilmington.craigslist.org/,20.00
https://winstonsalem.craigslist.org/,20.00
https://bismarck.craigslist.org/,10.00
https://fargo.craigslist.org/,15.00
https://grandforks.craigslist.org/,10.00
https://nd.craigslist.org/,10.00
https://akroncanton.craigslist.org/,25.00
https://ashtabula.craigslist.org/,10.00
https://athensohio.craigslist.org/,10.00
https://chillicothe.craigslist.org/,10.00
https://cincinnati.craigslist.org/,25.00
https://cleveland.craigslist.org/,25.00
https://columbus.craigslist.org/,25.00
https://dayton.craigslist.org/,20.00
https://limaohio.craigslist.org/,15.00
https://mansfield.craigslist.org/,10.00
https://sandusky.craigslist.org/,10.00
https://toledo.craigslist.org/,20.00
https://tuscarawas.craigslist.org/,10.00
https://youngstown.craigslist.org/,15.00
https://zanesville.craigslist.org/,10.00
https://lawton.craigslist.org/,10.00
https://enid.craigslist.org/,10.00
https://oklahomacity.craigslist.org/,25.00
https://stillwater.craigslist.org/,10.00
https://tulsa.craigslist.org/,25.00
https://bend.craigslist.org/,20.00
https://corvallis.craigslist.org/,15.00
https://eastoregon.craigslist.org/,10.00
https://eugene.craigslist.org/,20.00
https://klamath.craigslist.org/,10.00
https://medford.craigslist.org/,20.00
https://oregoncoast.craigslist.org/,15.00
https://portland.craigslist.org/,45.00
https://roseburg.craigslist.org/,10.00
https://salem.craigslist.org/,20.00
https://altoona.craigslist.org/,10.00
https://chambersburg.craigslist.org/,10.00
https://erie.craigslist.org/,10.00
https://harrisburg.craigslist.org/,20.00
https://lancaster.craigslist.org/,20.00
https://allentown.craigslist.org/,20.00
https://meadville.craigslist.org/,10.00
https://philadelphia.craigslist.org/,35.00
https://pittsburgh.craigslist.org/,25.00
https://poconos.craigslist.org/,10.00
https://reading.craigslist.org/,20.00
https://scranton.craigslist.org/,20.00
https://pennstate.craigslist.org/,10.00
https://williamsport.craigslist.org/,10.00
https://york.craigslist.org/,15.00
https://providence.craigslist.org/,25.00
https://charleston.craigslist.org/,25.00
https://columbia.craigslist.org/,20.00
https://florencesc.craigslist.org/,10.00
https://greenville.craigslist.org/,25.00
https://hiltonhead.craigslist.org/,10.00
https://myrtlebeach.craigslist.org/,20.00
https://nesd.craigslist.org/,10.00
https://csd.craigslist.org/,10.00
https://rapidcity.craigslist.org/,10.00
https://siouxfalls.craigslist.org/,10.00
https://sd.craigslist.org/,10.00
https://chattanooga.craigslist.org/,20.00
https://clarksville.craigslist.org/,10.00
https://cookeville.craigslist.org/,10.00
https://jacksontn.craigslist.org/,10.00
https://knoxville.craigslist.org/,25.00
https://memphis.craigslist.org/,25.00
https://nashville.craigslist.org/,35.00
https://tricities.craigslist.org/,15.00
https://abilene.craigslist.org/,10.00
https://amarillo.craigslist.org/,15.00
https://austin.craigslist.org/,35.00
https://beaumont.craigslist.org/,10.00
https://brownsville.craigslist.org/,10.00
https://collegestation.craigslist.org/,15.00
https://corpuschristi.craigslist.org/,15.00
https://dallas.craigslist.org/,45.00
https://nacogdoches.craigslist.org/,10.00
https://delrio.craigslist.org/,10.00
https://elpaso.craigslist.org/,20.00
https://galveston.craigslist.org/,10.00
https://houston.craigslist.org/,35.00
https://killeen.craigslist.org/,15.00
https://laredo.craigslist.org/,15.00
https://lubbock.craigslist.org/,15.00
https://mcallen.craigslist.org/,20.00
https://odessa.craigslist.org/,20.00
https://sanangelo.craigslist.org/,10.00
https://sanantonio.craigslist.org/,35.00
https://sanmarcos.craigslist.org/,15.00
https://bigbend.craigslist.org/,10.00
https://texoma.craigslist.org/,10.00
https://easttexas.craigslist.org/,15.00
https://victoriatx.craigslist.org/,10.00
https://waco.craigslist.org/,15.00
https://wichitafalls.craigslist.org/,10.00
https://logan.craigslist.org/,10.00
https://ogden.craigslist.org/,10.00
https://provo.craigslist.org/,10.00
https://saltlakecity.craigslist.org/,20.00
https://stgeorge.craigslist.org/,10.00
https://vermont.craigslist.org/,20.00
https://charlottesville.craigslist.org/,15.00
https://danville.craigslist.org/,10.00
https://fredericksburg.craigslist.org/,15.00
https://norfolk.craigslist.org/,25.00
https://harrisonburg.craigslist.org/,10.00
https://lynchburg.craigslist.org/,10.00
https://blacksburg.craigslist.org/,10.00
https://richmond.craigslist.org/,25.00
https://roanoke.craigslist.org/,15.00
https://swva.craigslist.org/,10.00
https://winchester.craigslist.org/,15.00
https://bellingham.craigslist.org/,20.00
https://kpr.craigslist.org/,15.00
https://moseslake.craigslist.org/,10.00
https://olympic.craigslist.org/,10.00
https://pullman.craigslist.org/,10.00
https://seattle.craigslist.org/,45.00
https://skagit.craigslist.org/,15.00
https://spokane.craigslist.org/,25.00
https://wenatchee.craigslist.org/,10.00
https://yakima.craigslist.org/,15.00
https://charlestonwv.craigslist.org/,10.00
https://martinsburg.craigslist.org/,10.00
https://huntington.craigslist.org/,10.00
https://morgantown.craigslist.org/,10.00
https://wheeling.craigslist.org/,10.00
https://parkersburg.craigslist.org/,10.00
https://swv.craigslist.org/,10.00
https://wv.craigslist.org/,10.00
https://appleton.craigslist.org/,20.00
https://eauclaire.craigslist.org/,15.00
https://greenbay.craigslist.org/,20.00
https://janesville.craigslist.org/,10.00
https://racine.craigslist.org/,15.00
https://lacrosse.craigslist.org/,15.00
https://madison.craigslist.org/,25.00
https://milwaukee.craigslist.org/,25.00
https://northernwi.craigslist.org/,10.00
https://sheboygan.craigslist.org/,10.00
https://wausau.craigslist.org/,15.00
https://wyoming.craigslist.org/,10.00
https://micronesia.craigslist.org/,0.00
